[{"mac":"5c:29:b2:b4:88:60:e0:c7","devID":"136115","deviceName":"SEI103DL"},{"mac":"5c:29:b2:b4:88:60:e0:c7","devID":"136115","deviceName":"SEI103DL"},{"mac":"5c:29:b2:b4:88:60:e0:c7","devID":"136115","deviceName":"SEI103DL"},{"mac":"5c:29:b2:b4:88:60:e0:c7","devID":"136115","deviceName":"SEI103DL"},{"mac":"5c:29:b2:b4:88:60:e0:c7","devID":"136115","deviceName":"SEI103DL"},{"mac":"5c:29:b2:b4:88:60:e0:c7","devID":"136115","deviceName":"SEI103DL"},{"mac":"5c:29:b2:b4:88:60:e0:c7","devID":"136115","deviceName":"SEI103DL"},{"mac":"5c:29:b2:b4:88:60:e0:c7","devID":"136115","deviceName":"SEI103DL"},{"mac":"14:7c:9a:54:2b:62:63:e9","devID":"136115","deviceName":"WayDroid x86_64 Device"},{"mac":"14:7c:9a:54:2b:62:63:e9","devID":"136115","deviceName":"WayDroid x86_64 Device"},{"mac":"14:7c:9a:54:2b:62:63:e9","devID":"136115","deviceName":"WayDroid x86_64 Device"},{"mac":"14:7c:9a:54:2b:62:63:e9","devID":"136115","deviceName":"WayDroid x86_64 Device"},{"mac":"10:20:30:40:5kkikikiki0:60","devID":"20156kiikkiikki05","deviceName":"WayDroid x86_64 Device"},{"mac":"14:7c:9a:54:2b:62:63:e9","devID":"136115","deviceName":"WayDroid x86_64 Device"},{"mac":"14:7c:9a:54:2b:62:63:e9","devID":"136115","deviceName":"WayDroid x86_64 Device"},{"mac":"14:7c:9a:54:2b:62:63:e9","devID":"136115","deviceName":"WayDroid x86_64 Device"},{"mac":"14:7c:9a:54:2b:62:63:e9","devID":"136115","deviceName":"WayDroid x86_64 Device"},{"mac":"14:7c:9a:54:2b:62:63:e9","devID":"136115","deviceName":"WayDroid x86_64 Device"}]